<ModelBehaviors>
	<Include ModelBehaviorFile="Asobo\Generic\FX.xml"/>
	<Template Name="ASOBO_A320_FX">
<!-- TFX INSTALLED -->
	<Component ID="FX_SMOKE_E1">
        <OverrideTemplateParameters>
            <FX_CODE>(A:ENG ON FIRE:1, enum) 1 == if{ 1 } els{ 0 }</FX_CODE>
            <FX_OFFSET_X>0</FX_OFFSET_X>
            <FX_OFFSET_Y>0</FX_OFFSET_Y>
            <FX_OFFSET_Z>1</FX_OFFSET_Z>
            <FX_GUID>{26704DBE-D210-4EE8-A281-0182819EAA9F}</FX_GUID>
            <FX_NAME>FX_SMOKE_L</FX_NAME>
        </OverrideTemplateParameters>
        <Component ID="FX_SMOKE_ENGL" Node="fx_exhaust_left">
            <UseTemplate Name="ASOBO_GT_FX">
            </UseTemplate>
        </Component>
	</Component>

	<Component ID="FX_SMOKE_E2">
        <OverrideTemplateParameters>
            <FX_CODE>(A:ENG ON FIRE:2, enum) 1 == if{ 1 } els{ 0 }</FX_CODE>
            <FX_OFFSET_X>0</FX_OFFSET_X>
            <FX_OFFSET_Y>0</FX_OFFSET_Y>
            <FX_OFFSET_Z>1</FX_OFFSET_Z>
            <FX_GUID>{26704DBE-D210-4EE8-A281-0182819EAA9F}</FX_GUID>
            <FX_NAME>FX_SMOKE_R</FX_NAME>
        </OverrideTemplateParameters>
        <Component ID="FX_SMOKE_ENGR" Node="fx_exhaust_right">
            <UseTemplate Name="ASOBO_GT_FX">
            </UseTemplate>
        </Component>
	</Component>

	<Component ID="FX_FIRE_E1">
        <OverrideTemplateParameters>
            <FX_CODE>(A:ENG ON FIRE:1, enum) 1 == if{ 1 } els{ 0 }</FX_CODE>
            <FX_OFFSET_X>0</FX_OFFSET_X>
            <FX_OFFSET_Y>0</FX_OFFSET_Y>
            <FX_OFFSET_Z>2</FX_OFFSET_Z>
            <FX_GUID>{5C7CAB5F-9288-4801-9EFA-6D04D0637EFD}</FX_GUID>
            <FX_NAME>FX_FIRE_L</FX_NAME>
        </OverrideTemplateParameters>
        <Component ID="FX_FIRE_ENGL" Node="fx_exhaust_left">
            <UseTemplate Name="ASOBO_GT_FX">
            </UseTemplate>
        </Component>
	</Component>

	<Component ID="FX_FIRE_E2">
        <OverrideTemplateParameters>
            <FX_CODE>(A:ENG ON FIRE:2, enum) 1 == if{ 1 } els{ 0 }</FX_CODE>
            <FX_OFFSET_X>0</FX_OFFSET_X>
            <FX_OFFSET_Y>0</FX_OFFSET_Y>
            <FX_OFFSET_Z>2</FX_OFFSET_Z>
            <FX_GUID>{5C7CAB5F-9288-4801-9EFA-6D04D0637EFD}</FX_GUID>
            <FX_NAME>FX_FIRE_R</FX_NAME>
        </OverrideTemplateParameters>
        <Component ID="FX_FIRE_ENGR" Node="fx_exhaust_right">
            <UseTemplate Name="ASOBO_GT_FX">
            </UseTemplate>
        </Component>
	</Component>


	<Component ID="FX_SPARKS_C3">
        <OverrideTemplateParameters>
	    <FX_CODE>(A:CONTACT POINT IS ON GROUND:3, bool) 1 == if{ 1 } els{ 0 }</FX_CODE>
            <FX_OFFSET_X>23.5</FX_OFFSET_X>
            <FX_OFFSET_Y>3</FX_OFFSET_Y>
            <FX_OFFSET_Z>-7.5</FX_OFFSET_Z>
            <FX_GUID>{0208217C-8EBE-4673-AB47-2E7E0B969083}</FX_GUID>
            <FX_NAME>FX_SPARKS_3</FX_NAME>
        </OverrideTemplateParameters>
        <Component ID="FX_SPARK3" Node="fx_exhaust_right">
            <UseTemplate Name="ASOBO_GT_FX">
            </UseTemplate>
        </Component>
	</Component>

	<Component ID="FX_SPARKS_C4">
        <OverrideTemplateParameters>
	    <FX_CODE>(A:CONTACT POINT IS ON GROUND:4, bool) 1 == if{ 1 } els{ 0 }</FX_CODE>
            <FX_OFFSET_X>-11.5</FX_OFFSET_X>
            <FX_OFFSET_Y>3</FX_OFFSET_Y>
            <FX_OFFSET_Z>-7.5</FX_OFFSET_Z>
            <FX_GUID>{0208217C-8EBE-4673-AB47-2E7E0B969083}</FX_GUID>
            <FX_NAME>FX_SPARKS_4</FX_NAME>
        </OverrideTemplateParameters>
        <Component ID="FX_SPARK4" Node="fx_exhaust_right">
            <UseTemplate Name="ASOBO_GT_FX">
            </UseTemplate>
        </Component>
	</Component>

	<Component ID="FX_SPARKS_C5">
        <OverrideTemplateParameters>
	    <FX_CODE>(A:CONTACT POINT IS ON GROUND:5, bool) 1 == if{ 1 } els{ 0 }</FX_CODE>
            <FX_OFFSET_X>5.75</FX_OFFSET_X>
            <FX_OFFSET_Y>1.75</FX_OFFSET_Y>
            <FX_OFFSET_Z>15</FX_OFFSET_Z>
            <FX_GUID>{0208217C-8EBE-4673-AB47-2E7E0B969083}</FX_GUID>
            <FX_NAME>FX_SPARKS_5</FX_NAME>
        </OverrideTemplateParameters>
        <Component ID="FX_SPARK5" Node="fx_exhaust_right">
            <UseTemplate Name="ASOBO_GT_FX">
            </UseTemplate>
        </Component>
	</Component>

	<Component ID="FX_SPARKS_C6">
        <OverrideTemplateParameters>
	    <FX_CODE>(A:CONTACT POINT IS ON GROUND:6, bool) 1 == if{ 1 } els{ 0 }</FX_CODE>
            <FX_OFFSET_X>5.75</FX_OFFSET_X>
            <FX_OFFSET_Y>0.375</FX_OFFSET_Y>
            <FX_OFFSET_Z>11</FX_OFFSET_Z>
            <FX_GUID>{0208217C-8EBE-4673-AB47-2E7E0B969083}</FX_GUID>
            <FX_NAME>FX_SPARKS_6</FX_NAME>
        </OverrideTemplateParameters>
        <Component ID="FX_SPARK6" Node="fx_exhaust_right">
            <UseTemplate Name="ASOBO_GT_FX">
            </UseTemplate>
        </Component>
	</Component>

	<Component ID="FX_SPARKS_C7">
        <OverrideTemplateParameters>
	    <FX_CODE>(A:CONTACT POINT IS ON GROUND:7, bool) 1 == if{ 1 } els{ 0 }</FX_CODE>
            <FX_OFFSET_X>5.75</FX_OFFSET_X>
            <FX_OFFSET_Y>4.375</FX_OFFSET_Y>
            <FX_OFFSET_Z>8</FX_OFFSET_Z>
            <FX_GUID>{0208217C-8EBE-4673-AB47-2E7E0B969083}</FX_GUID>
            <FX_NAME>FX_SPARKS_7</FX_NAME>
        </OverrideTemplateParameters>
        <Component ID="FX_SPARK7" Node="fx_exhaust_right">
            <UseTemplate Name="ASOBO_GT_FX">
            </UseTemplate>
        </Component>
	</Component>

	<Component ID="FX_SPARKS_C8">
        <OverrideTemplateParameters>
	    <FX_CODE>(A:CONTACT POINT IS ON GROUND:8, bool) 1 == if{ 1 } els{ 0 }</FX_CODE>
            <FX_OFFSET_X>11.5</FX_OFFSET_X>
            <FX_OFFSET_Y>-1</FX_OFFSET_Y>
            <FX_OFFSET_Z>1</FX_OFFSET_Z>
            <FX_GUID>{0208217C-8EBE-4673-AB47-2E7E0B969083}</FX_GUID>
            <FX_NAME>FX_SPARKS_8</FX_NAME>
        </OverrideTemplateParameters>
        <Component ID="FX_SPARK8" Node="fx_exhaust_right">
            <UseTemplate Name="ASOBO_GT_FX">
            </UseTemplate>
        </Component>
	</Component>

	<Component ID="FX_SPARKS_C9">
        <OverrideTemplateParameters>
	    <FX_CODE>(A:CONTACT POINT IS ON GROUND:9, bool) 1 == if{ 1 } els{ 0 }</FX_CODE>
            <FX_OFFSET_X>0</FX_OFFSET_X>
            <FX_OFFSET_Y>-1</FX_OFFSET_Y>
            <FX_OFFSET_Z>1</FX_OFFSET_Z>
            <FX_GUID>{0208217C-8EBE-4673-AB47-2E7E0B969083}</FX_GUID>
            <FX_NAME>FX_SPARKS_9</FX_NAME>
        </OverrideTemplateParameters>
        <Component ID="FX_SPARK9" Node="fx_exhaust_right">
            <UseTemplate Name="ASOBO_GT_FX">
            </UseTemplate>
        </Component>
	</Component>

	<Component ID="FX_SPARKS_C10">
        <OverrideTemplateParameters>
	    <FX_CODE>(A:CONTACT POINT IS ON GROUND:10, bool) 1 == if{ 1 } els{ 0 }</FX_CODE>
            <FX_OFFSET_X>5.75</FX_OFFSET_X>
            <FX_OFFSET_Y>0.4</FX_OFFSET_Y>
            <FX_OFFSET_Z>-10</FX_OFFSET_Z>
            <FX_GUID>{0208217C-8EBE-4673-AB47-2E7E0B969083}</FX_GUID>
            <FX_NAME>FX_SPARKS_10</FX_NAME>
        </OverrideTemplateParameters>
        <Component ID="FX_SPARK10" Node="fx_exhaust_right">
            <UseTemplate Name="ASOBO_GT_FX">
            </UseTemplate>
        </Component>
	</Component>

	<Component ID="FX_SPARKS_C11">
        <OverrideTemplateParameters>
	    <FX_CODE>(A:CONTACT POINT IS ON GROUND:11, bool) 1 == if{ 1 } els{ 0 }</FX_CODE>
            <FX_OFFSET_X>5.75</FX_OFFSET_X>
            <FX_OFFSET_Y>2.25</FX_OFFSET_Y>
            <FX_OFFSET_Z>-20</FX_OFFSET_Z>
            <FX_GUID>{0208217C-8EBE-4673-AB47-2E7E0B969083}</FX_GUID>
            <FX_NAME>FX_SPARKS_11</FX_NAME>
        </OverrideTemplateParameters>
        <Component ID="FX_SPARK11" Node="fx_exhaust_right">
            <UseTemplate Name="ASOBO_GT_FX">
            </UseTemplate>
        </Component>
	</Component>

	<Component ID="FX_SPARKS_C12">
        <OverrideTemplateParameters>
	    <FX_CODE>(A:CONTACT POINT IS ON GROUND:12, bool) 1 == if{ 1 } els{ 0 }</FX_CODE>
            <FX_OFFSET_X>5.75</FX_OFFSET_X>
            <FX_OFFSET_Y>10.25</FX_OFFSET_Y>
            <FX_OFFSET_Z>-21</FX_OFFSET_Z>
            <FX_GUID>{0208217C-8EBE-4673-AB47-2E7E0B969083}</FX_GUID>
            <FX_NAME>FX_SPARKS_12</FX_NAME>
        </OverrideTemplateParameters>
        <Component ID="FX_SPARK12" Node="fx_exhaust_right">
            <UseTemplate Name="ASOBO_GT_FX">
            </UseTemplate>
        </Component>
	</Component>


<!-- TFX VERSION 0.95 -->
<!-- TFX END -->
	</Template>
</ModelBehaviors>