<ModelBehaviors>
	<Include ModelBehaviorFile="Asobo\Generic\FX.xml"/>
	<Template Name="ASOBO_CJ4_FX">

<!-- TFX INSTALLED -->

<Component ID="FX_FIRE_E1">
<OverrideTemplateParameters>
<FX_CODE>(A:ENG ON FIRE:1, enum) 1 == if{ 1 } els{ 0 }</FX_CODE>
<FX_OFFSET_X>0</FX_OFFSET_X>
<FX_OFFSET_Y>-0.05</FX_OFFSET_Y>
<FX_OFFSET_Z>1.9</FX_OFFSET_Z>
<FX_GUID>{4800A9E5-E7A0-4255-89A9-BBAA87446ADF}</FX_GUID>
<FX_NAME>FX_FIRE_1</FX_NAME>
</OverrideTemplateParameters>
<Component ID="FX_FIRE_ENG1" Node="FX_ENGINE_LEFT">
<UseTemplate Name="ASOBO_GT_FX">
</UseTemplate>
</Component>
</Component>

<Component ID="FX_FIRE_E2">
<OverrideTemplateParameters>
<FX_CODE>(A:ENG ON FIRE:2, enum) 1 == if{ 1 } els{ 0 }</FX_CODE>
<FX_OFFSET_X>0</FX_OFFSET_X>
<FX_OFFSET_Y>-0.05</FX_OFFSET_Y>
<FX_OFFSET_Z>1.9</FX_OFFSET_Z>
<FX_GUID>{4800A9E5-E7A0-4255-89A9-BBAA87446ADF}</FX_GUID>
<FX_NAME>FX_FIRE_2</FX_NAME>
</OverrideTemplateParameters>
<Component ID="FX_FIRE_ENG2" Node="FX_ENGINE_RIGHT">
<UseTemplate Name="ASOBO_GT_FX">
</UseTemplate>
</Component>
</Component>

<Component ID="FX_SMOKE_EN1">
<OverrideTemplateParameters>
<FX_CODE>(A:ENG ON FIRE:1, enum) 1 == if{ 1 } els{ 0 }</FX_CODE>
<FX_OFFSET_X>0</FX_OFFSET_X>
<FX_OFFSET_Y>0</FX_OFFSET_Y>
<FX_OFFSET_Z>1</FX_OFFSET_Z>
<FX_GUID>{2B9030C5-AD0A-40FE-B08D-0BA8D12B6583}</FX_GUID>
<FX_NAME>FX_SMOKE_1</FX_NAME>
</OverrideTemplateParameters>
<Component ID="FX_SMOKE_ENG1" Node="FX_ENGINE_LEFT">
<UseTemplate Name="ASOBO_GT_FX">
</UseTemplate>
</Component>
</Component>

<Component ID="FX_SMOKE_EN2">
<OverrideTemplateParameters>
<FX_CODE>(A:ENG ON FIRE:2, enum) 1 == if{ 1 } els{ 0 }</FX_CODE>
<FX_OFFSET_X>0</FX_OFFSET_X>
<FX_OFFSET_Y>0</FX_OFFSET_Y>
<FX_OFFSET_Z>1</FX_OFFSET_Z>
<FX_GUID>{2B9030C5-AD0A-40FE-B08D-0BA8D12B6583}</FX_GUID>
<FX_NAME>FX_SMOKE_2</FX_NAME>
</OverrideTemplateParameters>
<Component ID="FX_SMOKE_ENG2" Node="FX_ENGINE_RIGHT">
<UseTemplate Name="ASOBO_GT_FX">
</UseTemplate>
</Component>
</Component>

<Component ID="FX_SPARKS_3">
<OverrideTemplateParameters>
<FX_CODE>(L:ScrapeTimer:3, number) 0 > if{ 1 } els{ 0 }</FX_CODE>
<FX_OFFSET_X>6.3</FX_OFFSET_X>
<FX_OFFSET_Y>-1</FX_OFFSET_Y>
<FX_OFFSET_Z>2.2</FX_OFFSET_Z>
<FX_GUID>{0208217C-8EBE-4673-AB47-2E7E0B969083}</FX_GUID>
<FX_NAME>FX_SPARK_3</FX_NAME>
</OverrideTemplateParameters>
<Component ID="FX_SPARK3" Node="FX_ENGINE_LEFT">
<UseTemplate Name="ASOBO_GT_FX">
</UseTemplate>
</Component>
</Component>

<Component ID="FX_SPARKS_4">
<OverrideTemplateParameters>
<FX_CODE>(L:ScrapeTimer:4, number) 0 > if{ 1 } els{ 0 }</FX_CODE>
<FX_OFFSET_X>-6.3</FX_OFFSET_X>
<FX_OFFSET_Y>-1</FX_OFFSET_Y>
<FX_OFFSET_Z>2.2</FX_OFFSET_Z>
<FX_GUID>{0208217C-8EBE-4673-AB47-2E7E0B969083}</FX_GUID>
<FX_NAME>FX_SPARK_4</FX_NAME>
</OverrideTemplateParameters>
<Component ID="FX_SPARK4" Node="FX_ENGINE_RIGHT">
<UseTemplate Name="ASOBO_GT_FX">
</UseTemplate>
</Component>
</Component>

<Component ID="FX_SPARKS_5">
<OverrideTemplateParameters>
<FX_CODE>(L:ScrapeTimer:5, number) 0 > if{ 1 } els{ 0 }</FX_CODE>
<FX_OFFSET_X>-1.4</FX_OFFSET_X>
<FX_OFFSET_Y>-0.6</FX_OFFSET_Y>
<FX_OFFSET_Z>-2</FX_OFFSET_Z>
<FX_GUID>{0208217C-8EBE-4673-AB47-2E7E0B969083}</FX_GUID>
<FX_NAME>FX_SPARK_5</FX_NAME>
</OverrideTemplateParameters>
<Component ID="FX_SPARK5" Node="FX_ENGINE_LEFT">
<UseTemplate Name="ASOBO_GT_FX">
</UseTemplate>
</Component>
</Component>

<Component ID="FX_SPARKS_6">
<OverrideTemplateParameters>
<FX_CODE>(L:ScrapeTimer:6, number) 0 > if{ 1 } els{ 0 }</FX_CODE>
<FX_OFFSET_X>-1.4</FX_OFFSET_X>
<FX_OFFSET_Y>-1.7</FX_OFFSET_Y>
<FX_OFFSET_Z>11</FX_OFFSET_Z>
<FX_GUID>{0208217C-8EBE-4673-AB47-2E7E0B969083}</FX_GUID>
<FX_NAME>FX_SPARK_6</FX_NAME>
</OverrideTemplateParameters>
<Component ID="FX_SPARK6" Node="FX_ENGINE_LEFT">
<UseTemplate Name="ASOBO_GT_FX">
</UseTemplate>
</Component>
</Component>

<Component ID="FX_SPARKS_8">
<OverrideTemplateParameters>
<FX_CODE>(L:ScrapeTimer:8, number) 0 > if{ 1 } els{ 0 }</FX_CODE>
<FX_OFFSET_X>-1.4</FX_OFFSET_X>
<FX_OFFSET_Y>-1.5</FX_OFFSET_Y>
<FX_OFFSET_Z>3</FX_OFFSET_Z>
<FX_GUID>{0208217C-8EBE-4673-AB47-2E7E0B969083}</FX_GUID>
<FX_NAME>FX_SPARK_8</FX_NAME>
</OverrideTemplateParameters>
<Component ID="FX_SPARK8" Node="FX_ENGINE_LEFT">
<UseTemplate Name="ASOBO_GT_FX">
</UseTemplate>
</Component>
</Component>

<Component ID="FX_SPARKS_9">
<OverrideTemplateParameters>
<FX_CODE>(L:ScrapeTimer:9, number) 0 > if{ 1 } els{ 0 }</FX_CODE>
<FX_OFFSET_X>-1.4</FX_OFFSET_X>
<FX_OFFSET_Y>-2.1</FX_OFFSET_Y>
<FX_OFFSET_Z>10</FX_OFFSET_Z>
<FX_GUID>{0208217C-8EBE-4673-AB47-2E7E0B969083}</FX_GUID>
<FX_NAME>FX_SPARK_9</FX_NAME>
</OverrideTemplateParameters>
<Component ID="FX_SPARK9" Node="FX_ENGINE_LEFT">
<UseTemplate Name="ASOBO_GT_FX">
</UseTemplate>
</Component>
</Component>


    <Component ID="ScrapeEffectTimer">
        <UseTemplate Name="ASOBO_GT_Update">
            <ANIM_CODE>1</ANIM_CODE>
	    <FREQUENCY>60</FREQUENCY>
            <UPDATE_CODE>

                (A:CONTACT POINT IS ON GROUND:3, bool) 1 == if{
                    0.5 (>L:ScrapeTimer:3, number)
                }
                els{
                    (L:ScrapeTimer:3, number) 0 > if{
                        (L:ScrapeTimer:3, number) (E:SIMULATION DELTA TIME, number) - 0 max (>L:ScrapeTimer:3, number)
                    }
                }

                (A:CONTACT POINT IS ON GROUND:4, bool) 1 == if{
                    0.5 (>L:ScrapeTimer:4, number)
                }
                els{
                    (L:ScrapeTimer:4, number) 0 > if{
                        (L:ScrapeTimer:4, number) (E:SIMULATION DELTA TIME, number) - 0 max (>L:ScrapeTimer:4, number)
                    }
                }

                (A:CONTACT POINT IS ON GROUND:5, bool) 1 == if{
                    0.5 (>L:ScrapeTimer:5, number)
                }
                els{
                    (L:ScrapeTimer:5, number) 0 > if{
                        (L:ScrapeTimer:5, number) (E:SIMULATION DELTA TIME, number) - 0 max (>L:ScrapeTimer:5, number)
                    }
                }

                (A:CONTACT POINT IS ON GROUND:6, bool) 1 == if{
                    0.5 (>L:ScrapeTimer:6, number)
                }
                els{
                    (L:ScrapeTimer:6, number) 0 > if{
                        (L:ScrapeTimer:6, number) (E:SIMULATION DELTA TIME, number) - 0 max (>L:ScrapeTimer:6, number)
                    }
                }

                (A:CONTACT POINT IS ON GROUND:8, bool) 1 == if{
                    0.5 (>L:ScrapeTimer:8, number)
                }
                els{
                    (L:ScrapeTimer:8, number) 0 > if{
                        (L:ScrapeTimer:8, number) (E:SIMULATION DELTA TIME, number) - 0 max (>L:ScrapeTimer:8, number)
                    }
                }

                (A:CONTACT POINT IS ON GROUND:9, bool) 1 == if{
                    0.5 (>L:ScrapeTimer:9, number)
                }
                els{
                    (L:ScrapeTimer:9, number) 0 > if{
                        (L:ScrapeTimer:9, number) (E:SIMULATION DELTA TIME, number) - 0 max (>L:ScrapeTimer:9, number)
                    }
                }

            </UPDATE_CODE>
        </UseTemplate>
    </Component>


<!-- CREDITS:  (Pixel, TriTriTheCuber, DindilloYT) -->
<!-- TFX VERSION 1.4 -->
<!-- TFX END -->

	</Template>
</ModelBehaviors>
